factor,llama,claude,mistral,openai
llama,0.9398396215948042,0.999073858233113,0.9959502339256023,0.9769024816764922
claude,0.9209993613914911,0.9999525691699604,0.9978891011128401,0.9841701292097437
mistral,0.9004428796147341,0.9998557979314504,0.9994408064115602,0.9972547984179942
openai,0.4672305229247161,0.7901809370652233,0.6258541781074772,0.9925425360607595
