factor,llama,claude,mistral,openai
llama,0.986576,0.9997639999999999,0.999024,0.9917
claude,0.986164,0.9999879999999999,0.999296,0.993912
mistral,0.984668,0.999964,0.99986,0.9991760000000001
openai,0.654018,0.8890639999999999,0.7747359999999999,0.996268
