factor,meta.llama2-13b-chat-v1,anthropic.claude-3-sonnet-20240229-v1:0,anthropic.claude-3-haiku-20240307-v1:0,meta.llama2-70b-chat-v1,mistral.mistral-7b-instruct-v0:2,mistral.mixtral-8x7b-instruct-v0:1,gpt-4o,gpt-3.5-turbo-0125
meta.llama2-13b-chat-v1,0.6388140905056126,0.970006470517893,0.8775656959282377,0.9934985290826548,0.9996923076923078,0.99798382820371,0.9337351465175446,0.8557434724328196
anthropic.claude-3-sonnet-20240229-v1:0,0.5703859124030992,0.7599588750644379,0.9953569317600545,0.9865749336108224,0.8608537202115387,0.9839014101448545,0.9876775605233493,0.704405978248289
anthropic.claude-3-haiku-20240307-v1:0,0.4632602327602795,0.5897231914803591,0.999936507936508,0.9942555835343215,0.7991526929542858,0.9935846187066002,0.9995066036592755,0.9759896929647542
meta.llama2-70b-chat-v1,0.5357924550582384,0.5951556326378903,0.8690591553004477,0.988461376898634,0.954081504011739,0.972685699358234,0.9316006421708176,0.9124608463758702
mistral.mistral-7b-instruct-v0:2,0.5557244806243617,0.5731736355953463,0.9963499473172954,0.9981149175144687,0.9223987454174979,0.9874811642963571,0.9984102564102564,0.9494826756000796
mistral.mixtral-8x7b-instruct-v0:1,0.4661548584931328,0.610520971307284,0.9702714268090985,0.9915015198627115,0.9008633530730864,0.9822006048848196,0.9910432237979928,0.9250066011665705
gpt-4o,0.13933111799214326,0.4073755620034485,0.61868444201082,0.22369757240360827,0.3007091060706397,0.19508511471599532,0.9987545979935633,0.8412299236336551
gpt-3.5-turbo-0125,0.34825131408105586,0.45055547860961354,0.8485368287778439,0.6176502802158221,0.5965920102816377,0.6149159667252121,0.9766496214369679,0.9511194870826608
