factor,meta.llama2-13b-chat-v1,anthropic.claude-3-sonnet-20240229-v1:0,anthropic.claude-3-haiku-20240307-v1:0,meta.llama2-70b-chat-v1,mistral.mistral-7b-instruct-v0:2,mistral.mixtral-8x7b-instruct-v0:1,gpt-4o,gpt-3.5-turbo-0125
meta.llama2-13b-chat-v1,0.964416,0.996008,0.963672,0.99872,0.99996,0.9996959999999999,0.987448,0.97024
anthropic.claude-3-sonnet-20240229-v1:0,0.95492,0.9794320000000001,0.999224,0.997968,0.9828,0.9968239999999999,0.997944,0.958432
anthropic.claude-3-haiku-20240307-v1:0,0.937568,0.961832,0.999992,0.999176,0.9812320000000001,0.9990319999999999,0.999936,0.997676
meta.llama2-70b-chat-v1,0.948072,0.87684,0.958416,0.99552,0.9929600000000001,0.995392,0.976712,0.989232
mistral.mistral-7b-instruct-v0:2,0.9536399999999999,0.954464,0.99944,0.999768,0.991008,0.9982,0.999752,0.994832
mistral.mixtral-8x7b-instruct-v0:1,0.92772,0.9361600000000001,0.9899120000000001,0.9989199999999999,0.9876400000000001,0.9971599999999999,0.9988079999999999,0.9906360000000001
gpt-4o,0.5563039999999999,0.8089040000000002,0.900984,0.5895440000000001,0.8088399999999999,0.6293679999999999,0.99984,0.97528
gpt-3.5-turbo-0125,0.709168,0.892224,0.956384,0.7854639999999999,0.867808,0.837472,0.9944799999999999,0.988944
